applicant_id,name,address,income,credit_score,debt_to_income,employment_years,loan_amount,existing_defaults,actual_outcome
292,Nina Lopez,"220 Birch St, Georgetown, WA 99837",117360.94,756,0.59,8.9,7505.29,0,repaid
408,Grace Haddad,"5706 Lakeview Ct, Georgetown, TX 96849",129589.8,549,0.35,29.2,65299.34,0,repaid
45,Grace Haddad,"4497 River Way, Georgetown, NY 46559",166759.06,480,0.24,29.0,43515.66,0,repaid
99,Wei Ivanov,"2927 Maple Ave, Greenville, MA 78690",120273.46,787,0.41,28.7,67152.8,0,repaid
282,Emma Johnson,"3013 Lakeview Ln, Madison, NY 56168",162374.87,621,0.57,28.1,50309.24,0,repaid
187,Diego Novak,"6467 Elm Dr, Arlington, NY 55603",57391.97,849,0.41,9.8,69148.29,0,repaid
150,Omar Johnson,"8509 Pine Dr, Arlington, CA 83242",43248.0,752,0.52,6.2,41319.65,0,repaid
10,Diego Martin,"419 Oak Blvd, Clinton, WA 17592",50567.85,503,0.49,22.9,42897.94,0,defaulted
313,Grace Ivanov,"6992 River Way, Springfield, OR 66224",120665.84,844,0.43,3.5,48674.5,0,repaid
483,Kenji Andersson,"7895 Birch Ln, Franklin, MA 77032",66573.93,425,0.45,12.7,61511.8,0,repaid
479,Sofia Tanaka,"1948 Harbor Blvd, Fairview, MA 24459",,489,0.16,28.7,30989.59,0,repaid
82,Lucas Okafor,"7604 Birch St, Springfield, MA 62640",122647.59,670,0.45,3.3,4425.84,1,repaid
205,Kenji Kim,"4049 Willow Ct, Arlington, NY 79243",57729.3,821,0.58,11.8,63708.46,0,repaid
333,Diego Chen,"6014 River Ln, Salem, IL 55107",158108.64,401,0.73,1.8,50759.11,0,defaulted
339,Ava Kowalski,"8956 Highland Ln, Greenville, TX 80685",46255.42,429,0.03,25.2,68969.14,0,repaid
500,Fatima Ivanov,"9609 Harbor Ln, Clinton, MA 21829",99379.01,392,0.76,25.2,46106.9,0,repaid
35,Diego Kowalski,"8370 Pine Way, Salem, MA 30861",203494.0,555,0.12,3.6,42959.42,0,repaid
128,Hana Johnson,"5221 Ridge Ct, Madison, CO 62260",79486.77,715,0.05,2.2,39255.84,0,repaid
316,Hana Chen,"6611 Harbor Ave, Franklin, OR 83080",41316.64,670,0.53,12.8,43352.29,0,repaid
124,Grace Ivanov,"1007 Ridge St, Salem, TX 49862",88902.96,829,0.7,26.3,15375.09,0,repaid
165,Ava Nguyen,"208 Lakeview Ln, Franklin, CA 12192",63743.93,309,0.05,13.7,74778.39,0,repaid
262,Ava Andersson,"3187 Cedar Way, Franklin, CA 39939",165566.38,766,0.3,17.9,79642.32,1,repaid
147,Fatima Kowalski,"5126 Cedar Dr, Salem, IL 25389",80389.17,637 ,0.01,21.7,55728.72,0,repaid
9,Noah Ivanov,"3027 Lakeview St, Clinton, OR 89818",170175.56,849,0.31,23.1,13494.46,0,defaulted
467,Maria Okafor,"9688 Highland Dr, Salem, MA 39428",162049.4,773,0.12,22.7,31159.79,0,repaid
90,Grace Martin,"7342 Pine Blvd, Georgetown, OR 24918",196668.44,,0.68,4.7,7444.94,0,repaid
388,hana novak,"207 Sunset Ln, Clinton, AZ 92396",141596.79,305,0.2,14.8,36845.34,0,repaid
184,Diego Smith,"5019 Maple Way, Fairview, CA 54967",111066.53,651,0.43,6.2,35615.11,0,repaid
379,Alex Patel,,120464.92,437,0.64,18.1,68318.23,0,repaid
50,Maria Garcia,"9166 Highland Ct, Riverside, MA 23446",186525.67,402,0.32,8.9,56933.46,0,repaid
412,Emma Kim,"4723 Ridge St, Georgetown, GA 87353",190501.04,430,0.81,1.9,1066.62,1,defaulted
108,diego johnson,"2354 Maple Blvd, Greenville, TX 71487",67155.61,682,0.34,29.8,74535.25,0,repaid
297,Kenji Lopez,"9070 Oak Blvd, Georgetown, CO 37752",211478.33,682,0.79,0.3,4300.08,0,repaid
407,Wei Okafor,"8828 Willow Dr, Arlington, GA 41270",140888.05,656,0.09,3.8,63943.86,0,repaid
403,Aisha Novak,"5649 Lakeview Dr, Springfield, TX 13800",129873.13,658,0.85,8.1,46352.55,0,repaid
43,Samuel Müller,"1769 Meadow Way, Clinton, AZ 25866",205777.43,326 ,0.82,17.3,-75376.18,0,defaulted
53,Fatima Rossi,"3557 Highland Ct, Fairview, TX 41439",201700.88,761,0.53,8.9,45921.73,0,repaid
333,Diego Chen,"6014 River Ln, Salem, IL 55107",158108.64,401,0.73,1.8,50759.11,0,defaulted
70,Ava Kim,"3986 Pine Ln, Madison, AZ 48780",147787.74,606,0.23,12.7,-16738.14,0,repaid
432,Omar Okafor,"3427 Cedar Ln, Springfield, GA 96603",146454.51,356,0.08,28.8,76913.12,0,repaid
36,Sofia Chen,"7306 Oak Ct, Clinton, WA 45614",110013.95,786,0.76,22.6,62436.31,0,repaid
338,Kenji Okafor,"3857 Sunset Ct, Clinton, MA 92114",124796.56,706,0.09,29.9,7660.59,0,repaid
74,Kenji Lopez,"6092 Oak Way, Franklin, CA 44663",,602,0.1,10.2,12119.8,1,repaid
32,Priya Smith,"4749 Lakeview Ct, Arlington, CO 22240",112997.64,629,0.19,13.3,72193.29,0,repaid
83,wei johnson,"4605 Elm Ct, Arlington, OR 52622",157219.5,736,0.82,14.7,7382.45,0,repaid
157,Ava Garcia,"5742 Birch Ct, Franklin, OR 51777",32191.53,581,0.79,28.5,-50453.46,1,repaid
331,Sofia Lopez,"7181 Ridge Dr, Georgetown, TX 29601",110145.8,586,,17.1,65321.06,0,repaid
41,Maria Nguyen,"4151 Sunset Way, Springfield, AZ 29973",114061.37,383,0.05,22.5,18713.55,1,repaid
7,Samuel Brown,"6030 Sunset Ave, Salem, MA 21915",48574.32,769,0.67,4.2,60014.09,0,repaid
405,Omar Martin,"3896 Sunset Ave, Arlington, IL 57638",133557.86,776,0.72,2.8,8683.78,0,repaid
327,Nina Garcia,"8001 River Ln, Madison, MA 85303",175787.7,459,0.07,3.6,39920.52,1,defaulted
172,Hana Okafor,"4137 Meadow St, Fairview, IL 30214",65627.68,802,0.34,16.6,47284.13,0,repaid
461,Nina Ivanov,"5527 Birch Ct, Clinton, MA 47988",206213.78,714,0.85,23.1,13328.21,1,repaid
71,Maria Novak,"8238 Ridge Blvd, Georgetown, AZ 56179",24387.92,602,0.36,24.9,69340.32,0,repaid
238,Kenji Martin,"8113 Birch Blvd, Fairview, OR 60793",39397.38,504,0.57,6.2,38412.08,2,defaulted
37,Wei Tanaka,"6778 River Ln, Greenville, GA 18161",83941.91,643,0.12,16.2,55822.04,0,repaid
268,Diego Tanaka,"1998 Oak Way, Springfield, CA 28139",112855.47,570,0.16,3.0,23954.81,0,repaid
180,Omar Novak,"7951 Elm Dr, Salem, OR 64827",47835.82,811,0.23,9.1,34427.11,0,repaid
16,Fatima Garcia,"8956 Ridge St, Fairview, WA 31798",56697.61,732,0.79,13.9,64833.76,0,repaid
385,Omar Andersson,"1497 Lakeview Ct, Franklin, OR 90225",84814.96,556,0.64,19.5,58927.72,0,repaid
283,Grace Nguyen,,136561.25,791,0.64,28.3,71615.41,0,repaid
208,Kenji Haddad,"1183 Highland Ct, Franklin, WA 17589",75493.55,456,0.46,9.3,64836.75,0,repaid
395,Hana Nguyen,"2977 Sunset Blvd, Madison, MA 72193",121337.93,607,0.01,9.7,27967.57,0,repaid
72,Fatima Garcia,"5161 Harbor Dr, Springfield, AZ 57823",147323.58,524,0.61,18.6,53075.34,0,repaid
378,Hana Müller,"3883 Birch St, Madison, NY 72469",,910,0.89,0.8,48842.76,0,repaid
57,Noah Haddad,"759 Harbor Way, Riverside, MA 78021",65784.88,393,0.77,20.2,2638.89,0,repaid
160,Diego Okafor,"351 Sunset Ave, Fairview, MA 41797",57632.66,374,0.65,22.9,38872.14,0,repaid
113,Ava Patel,"2309 Oak Ct, Greenville, CA 48462",28867.14,436,0.73,16.4,62552.26,0,repaid
199,  AISHA PATEL,"4589 Oak Ct, Madison, IL 20803",108257.19,461,0.86,0.0,55398.76,0,defaulted
86,Emma Tanaka,"942 Highland Ln, Clinton, CO 23579",$182353.86,681,0.53,16.7,27042.03,0,repaid
151,Wei Garcia,"7041 River Ct, Fairview, OR 17897",154553.54,773,0.02,9.2,1238.22,0,repaid
440,  HANA GARCIA,"9869 Cedar Ct, Greenville, AZ 21537",158471.67,787,0.58,6.2,33550.47,0,repaid
178,Sofia Silva,"6261 Highland Way, Franklin, CO 24927",212914.92,481,0.26,29.1,39789.58,0,repaid
376,Alex Tanaka,"2478 Birch Ln, Riverside, CO 18888",136206.14,441,0.18,20.5,55394.04,0,repaid
234,Grace Martin,"6304 River Ln, Franklin, NY 72847",71331.59,658,0.0,3.2,58874.18,0,repaid
389,Hana Okafor,"5524 Oak St, Fairview, GA 33363",29783.76,512,0.59,4.4,68452.51,0,repaid
433,Omar Rossi,"2392 Maple Ave, Springfield, AZ 41258",79774.07,495 ,0.1,11.7,39433.78,0,repaid
143,Priya Tanaka,"2980 Maple Way, Franklin, MA 34420",201587.39,360,,2.7,58126.3,0,repaid
175,Kenji Patel,"2374 Highland Blvd, Clinton, MA 29127",175833.82,697,0.5,21.7,20176.66,2,repaid
228,Samuel Johnson,"9325 Sunset Way, Greenville, OR 50508",181242.05,625,0.82,200.0,56344.3,0,repaid
310,Hana Haddad,"405 Meadow Ct, Clinton, NY 38389",27838.17,824,0.05,17.2,15222.97,0,repaid
312,Grace Johnson,"1677 Cedar Dr, Arlington, AZ 15116",65962.76,370,0.1,11.6,68907.74,0,repaid
381,Samuel Novak,"8884 Lakeview Ct, Springfield, OR 24328",,714,0.74,18.2,32137.91,0,repaid
4,Sofia Kim,"6327 Highland Dr, Madison, TX 58520",135470.43,670,0.04,21.1,23861.65,0,repaid
156,Sofia Okafor,"2447 Birch Ln, Georgetown, GA 49387",66832.3,596,0.52,27.5,62030.52,0,repaid
319,Hana Ivanov,"4793 Meadow Ln, Springfield, TX 93924",32816.09,390,0.07,6.7,31361.75,0,repaid
209,Priya Kim,"307 Meadow Ave, Springfield, TX 75065",37242.56,550,0.41,13.0,25433.92,0,repaid
153,sofia nguyen,"472 Highland Dr, Salem, GA 79721",150706.82,436,0.16,10.4,42778.56,0,repaid
114,Nina Martin,"4250 Maple Way, Georgetown, IL 56789",28761.26,506,0.04,6.0,41715.3,1,repaid
18,Samuel Martin,"8338 Ridge Ln, Riverside, CA 76562",79341.57,494 ,,29.1,60090.07,0,repaid
17,Noah Kowalski,"4773 Pine Ct, Salem, MA 30289",117128.23,716,0.36,6.4,30938.88,0,repaid
139,Diego Martin,"5814 Lakeview Way, Clinton, IL 25974",64973.41,605,0.27,29.2,17374.95,0,repaid
466,  SAMUEL BROWN,"1549 Maple Dr, Clinton, GA 32923",48727.86,388,0.89,9.1,27497.92,0,repaid
133,Alex Rossi,"9970 Lakeview Dr, Salem, CA 15938",45732.68,421,0.34,2.9,45068.72,2,defaulted
322,Liam Kowalski,"6718 Elm St, Clinton, TX 63363",165227.74,591,0.52,16.8,-65425.68,0,repaid
250,Sofia Rossi,"4508 Birch Dr, Salem, CA 99417",25490.1,591,0.77,1.5,17931.17,0,defaulted
243,Samuel Ivanov,"6974 Oak Dr, Riverside, TX 84264",130410.84,706,0.47,25.7,1976.74,1,repaid
239,Noah Haddad,"1109 Cedar Way, Fairview, NY 97574",94204.1,489,0.17,11.4,35739.49,0,repaid
303,Samuel Okafor,"2293 Willow Ln, Salem, NY 62007",128693.86,566,0.42,30.0,29899.67,0,repaid
273,Hana Garcia,"290 Birch Ave, Salem, MA 74990",116385.94,554,0.58,19.9,66288.59,0,repaid
337,Kenji Kim,"1665 Oak Dr, Salem, CA 13455",45007.98,323,0.23,7.0,60229.44,0,repaid
170,Sofia Haddad,"6475 Birch Ln, Madison, GA 28343",137407.22,512 ,0.64,22.6,7078.06,0,repaid
278,Kenji Rossi,"7588 Ridge Way, Georgetown, CO 24125",48089.84,804,0.65,21.5,49257.29,0,repaid
361,Noah Lopez,"8476 Lakeview Ln, Arlington, TX 22358",47017.14,830,0.01,26.7,17971.0,2,repaid
125,Wei Chen,"3316 Birch Ln, Clinton, TX 91922",52393.39,468,0.2,28.0,41992.93,1,repaid
416,  SAMUEL MARTIN,"1411 Cedar Ct, Salem, IL 70940",205312.89,720,0.03,17.3,39178.18,0,repaid
329,James Nguyen,"3552 Pine Ln, Fairview, CO 57395",192080.03,703,0.41,200.0,-41938.21,0,repaid
497,Priya Chen,"9950 Sunset Dr, Georgetown, NY 29655",83730.64,,0.06,24.9,33582.63,0,repaid
496,Liam Andersson,"7677 Cedar Ave, Riverside, IL 67067",181786.7,845,,25.6,58402.59,1,repaid
59,Diego Chen,"5396 Oak Way, Franklin, OR 10150",158734.73,721,0.85,8.6,44457.63,0,repaid
57,Noah Haddad,"759 Harbor Way, Riverside, MA 78021",65784.88,393,0.77,20.2,2638.89,0,repaid
334,Nina Patel,"4763 River Blvd, Salem, MA 68580",102352.18,320,0.61,10.5,46571.45,0,repaid
267,Lucas Smith,"1759 Highland Ct, Georgetown, MA 48800",154326.63,313,0.75,27.2,12782.41,0,defaulted
2,Noah Nguyen,"2715 Meadow Dr, Madison, IL 30379",140403.75,817,0.64,16.8,-34142.07,0,repaid
348,Maria Rossi,"1950 Sunset Ct, Franklin, CO 11974",168944.92,343,0.11,16.5,24606.23,0,repaid
51,Ava Kim,"1170 Pine Dr, Fairview, AZ 92502",134812.84,312,0.4,14.1,5058.76,0,repaid
1,Wei Haddad,"7012 Maple St, Fairview, WA 40495",25002.15,414,0.2,8.3,54459.26,0,repaid
266,Nina Martin,"3502 Meadow Dr, Madison, WA 10358",175591.78,504,0.88,24.9,33370.74,0,defaulted
225,kenji andersson,"7959 Lakeview Way, Greenville, CO 84141",148530.51,504,0.22,23.9,43948.88,2,defaulted
56,Hana Garcia,"7178 Meadow Blvd, Arlington, IL 13390",113739.59,427,0.36,9.1,43658.54,0,repaid
280,Alex Kim,"6447 Birch Ln, Arlington, CO 76074",187763.22,,0.46,14.5,14998.99,1,repaid
294,Kenji Kowalski,"6726 Pine Blvd, Springfield, GA 98250",30853.61,375,0.5,23.8,18984.01,0,repaid
188,Wei Johnson,"5231 Oak Ave, Clinton, NY 33992",189103.56,660,0.73,18.5,24498.14,0,repaid
218,Sofia Smith,"3421 Cedar Way, Arlington, NY 30369",190182.74,567,0.35,27.8,26773.87,0,repaid
326,Sofia Chen,"3487 Sunset Ave, Georgetown, AZ 56665",56556.89,575,0.84,22.4,59231.87,0,repaid
96,Samuel Kowalski,"9348 Birch Ct, Arlington, CO 92210",172043.06,456,0.16,19.7,40035.24,0,repaid
276,Sofia Kowalski,"5539 Lakeview Way, Arlington, AZ 72014",198022.18,611,0.59,16.9,27927.48,0,repaid
370,Ava Novak,"2415 Meadow Ct, Springfield, GA 86415",$24549.62,782,0.48,6.3,42338.0,0,repaid
275,Grace Garcia,"9228 Lakeview St, Fairview, AZ 91142",191317.84,390,0.11,13.4,52616.47,0,repaid
391,Noah Silva,"8735 Pine Ln, Georgetown, WA 90223",184052.95,688,0.76,200.0,38194.53,0,repaid
390,Omar Haddad,"6001 Maple St, Clinton, CO 58309",154418.1,465,0.62,18.3,63197.3,0,repaid
404,Samuel Kowalski,,200658.48,782,0.35,1.5,31961.42,0,repaid
116,Diego Kim,"1411 River Ct, Clinton, IL 68447",180229.62,573,0.07,21.8,65964.96,0,repaid
117,Grace Chen,"1039 Oak Ct, Franklin, CO 77251",53328.95,736,0.4,13.3,73016.97,0,repaid
81,Alex Tanaka,"8719 Oak Ct, Fairview, MA 68756",46360.65,326,0.71,10.7,2246.71,0,repaid
230,Wei Andersson,"6581 Elm St, Madison, IL 52284",49542.4,322,0.13,21.1,42577.3,0,repaid
107,Sofia Kowalski,"5827 Maple Dr, Springfield, GA 75799",172623.37,385,0.81,8.2,35560.33,0,repaid
177,Hana Johnson,"5022 River Ln, Georgetown, MA 51180",86443.44,705,0.72,18.6,27444.16,0,repaid
159,Nina Rossi,,97683.81,437,0.3,7.6,36533.16,0,repaid
101,Alex Andersson,"5182 Birch Ct, Franklin, TX 87993",164746.73,558,0.82,19.7,27335.6,1,repaid
47,sofia martin,"8141 Willow Way, Springfield, NY 48566",131158.21,582,0.17,15.5,33107.82,0,repaid
269,Diego Patel,"1965 Pine Dr, Greenville, IL 60556",85732.17,474,0.86,26.8,58912.37,0,repaid
152,Grace Andersson,"6366 Willow Way, Franklin, GA 20518",217227.45,370,0.26,14.2,11698.88,0,repaid
30,Aisha Ivanov,"5167 Birch Dr, Madison, GA 48752",92844.29,501,0.6,2.1,25799.34,0,repaid
5,  SOFIA PATEL,"7673 Pine Blvd, Salem, WA 99733",61901.41,663,0.84,8.0,49121.35,0,repaid
129,Alex Kim,"929 Highland Dr, Arlington, GA 42541",172133.0,433,0.1,15.4,10679.23,0,repaid
173,Aisha Kowalski,"5996 Harbor Blvd, Fairview, TX 21442",162335.43,689,0.67,19.0,9417.52,0,defaulted
247,Maria Ivanov,"2704 Oak Blvd, Salem, GA 27779",57587.14,391,0.74,6.3,60999.97,0,repaid
91,Kenji Novak,"997 Maple Ave, Clinton, WA 27987",105982.73,653,0.61,8.5,53703.47,0,repaid
65,Omar Kim,"8717 Willow St, Riverside, GA 95823",119065.73,455,0.45,1.1,69706.32,0,repaid
349,Ava Novak,"2639 River Way, Fairview, WA 30669",178878.08,471,0.36,17.5,77537.96,0,repaid
446,Aisha Novak,"2668 Harbor Way, Arlington, TX 85775",76120.83,361,0.42,3.3,61066.83,0,defaulted
418,Aisha Okafor,"2844 Maple Ct, Arlington, IL 83886",113773.76,311,0.42,15.4,34260.27,0,repaid
426,Liam Novak,"2095 Meadow St, Fairview, AZ 27027",70379.22,590,0.56,1.0,47936.95,0,repaid
494,Grace Lopez,"5233 Sunset Dr, Franklin, IL 91915",115053.67,843,,6.3,24845.91,0,repaid
131,ava okafor,"8893 Maple Way, Fairview, GA 27555",213337.33,,0.32,6.5,40096.64,0,repaid
320,Hana Ivanov,"8551 Meadow Ave, Arlington, TX 98345",107794.41,806,0.59,6.1,23594.51,0,repaid
255,Lucas Okafor,"2885 Ridge Ct, Salem, TX 48506",165309.98,651 ,0.48,6.7,72615.59,0,repaid
476,Fatima Novak,"3465 Elm Ave, Riverside, CO 13835",113816.47,360,0.04,27.3,1811.52,0,repaid
20,Aisha Kowalski,"5280 Harbor St, Springfield, MA 91416",83273.97,835,0.6,7.8,21983.55,0,repaid
142,Ava Martin,"3367 Harbor Blvd, Madison, IL 94659",156238.4,402,0.87,4.1,13477.35,2,repaid
13,Wei Garcia,"5513 Oak Ln, Georgetown, IL 97684",24206.85,646,0.53,16.6,56919.43,0,repaid
279,Samuel Ivanov,"2305 Willow St, Salem, CA 82512",29300.07,724,0.6,19.0,71448.59,0,repaid
301,Aisha Martin,"9138 Oak Ave, Arlington, NY 46780",75335.97,746,0.61,10.8,38916.36,0,repaid
201,Alex Martin,"1260 Sunset Dr, Fairview, NY 23526",123888.85,531,0.01,13.4,10526.91,0,repaid
315,Lucas Kim,"8615 Maple Dr, Georgetown, CO 63588",139658.47,590,0.23,16.3,59748.01,0,defaulted
300,Diego Tanaka,"2862 Maple Blvd, Georgetown, WA 93995",,797,0.28,18.5,45678.61,0,repaid
216,Maria Johnson,"4684 Oak St, Georgetown, OR 64140",189801.2,910,0.09,21.8,19815.24,0,repaid
33,Wei Kowalski,"6890 Birch Ln, Georgetown, GA 74799",154559.13,540,0.18,6.7,20342.56,0,repaid
39,Priya Kowalski,"2191 Elm Ln, Springfield, GA 87580",117645.9,525,0.44,8.2,53841.02,0,repaid
425,James Tanaka,"1700 Lakeview St, Greenville, CO 38759",87481.32,832,0.16,20.7,54151.35,0,repaid
123,Wei Johnson,,81858.14,367,0.65,30.0,61764.0,0,repaid
309,James Müller,"806 Cedar Ln, Arlington, TX 27658",164051.13,910,0.43,14.4,13738.45,0,repaid
367,Noah Tanaka,"5398 Birch Ln, Fairview, NY 98047",99063.76,799,,17.1,42415.57,2,repaid
120,Ava Rossi,"2109 Cedar Way, Fairview, MA 32630",202708.5,696,0.7,3.5,17951.06,0,repaid
414,Ava Tanaka,"2324 Oak Ave, Franklin, MA 89223",,595,0.12,20.1,2240.92,0,repaid
464,Alex Tanaka,"6156 Pine Blvd, Springfield, IL 55209",58890.01,703,,9.5,72767.31,1,repaid
181,Sofia Andersson,"2825 Birch Ln, Springfield, AZ 94545",178144.18,910,0.81,10.8,51416.25,0,defaulted
186,Liam Rossi,,99116.48,742,,22.1,34934.67,0,defaulted
195,Alex Müller,"2496 Meadow Blvd, Georgetown, GA 74154",47117.78,397,0.37,22.5,22908.56,0,repaid
335,Diego Tanaka,"9465 Pine Way, Fairview, NY 31233",96214.2,380,0.57,8.6,14238.47,0,repaid
284,Aisha Rossi,"8966 Maple Blvd, Greenville, NY 90754",59980.48,357,0.14,22.5,20794.32,0,repaid
229,Hana Rossi,"2237 River Ct, Riverside, CO 17806",118087.28,479,0.21,2.7,42589.43,0,defaulted
374,Nina Chen,"3795 Cedar Blvd, Franklin, TX 21507",75175.66,910,0.23,1.9,79996.19,0,repaid
458,Noah Müller,"8033 River Blvd, Springfield, TX 56284",188381.57,842,0.27,13.4,63358.51,0,repaid
263,Maria Brown,"4290 Harbor Ln, Arlington, CA 87846",165433.77,529,0.66,3.9,14349.79,0,repaid
302,Lucas Nguyen,"9633 Elm Dr, Arlington, WA 14804",198259.41,,0.66,5.9,58466.6,0,repaid
353,Emma Novak,"4012 River Ct, Fairview, OR 60789",110815.8,675,0.46,23.3,70751.66,0,repaid
119,Noah Müller,"1958 Maple Ct, Riverside, MA 77861",209764.71,760,0.69,11.2,42827.33,0,repaid
452,Maria Kim,"6374 River Dr, Arlington, CA 57916",144091.04,382,0.84,10.1,72890.33,0,repaid
212,Kenji Johnson,"3032 Ridge St, Salem, GA 39427",65680.88,418,0.04,15.3,20319.56,1,repaid
477,Hana Müller,"8372 Elm St, Fairview, AZ 11832",49111.4,392,0.25,22.4,28824.06,0,repaid
277,Aisha Lopez,"8652 River Ct, Fairview, CA 31516",163182.7,672,0.68,3.4,27967.21,0,repaid
110,Hana Lopez,"369 Birch Ln, Arlington, WA 28818",29549.89,,0.71,12.6,9757.77,0,repaid
328,Maria Ivanov,,118161.07,581,0.82,29.5,18545.33,0,repaid
112,Wei Andersson,"4050 Meadow Ct, Fairview, AZ 53583",,699,0.35,1.3,60038.01,0,repaid
359,Diego Lopez,,129993.09,,0.59,15.1,48393.34,0,repaid
158,Alex Kowalski,"1044 Lakeview Dr, Franklin, OR 79467",101651.84,726,,9.0,20036.49,0,repaid
487,Alex Okafor,"6474 Willow Way, Fairview, AZ 98476",26571.96,336,0.77,16.7,56778.68,0,repaid
365,Hana Haddad,"8369 Oak Ave, Franklin, IL 61684",85366.33,453,0.14,20.9,79792.02,0,repaid
482,Priya Smith,,151709.65,835,0.13,2.6,47654.02,0,repaid
426,Liam Novak,"2095 Meadow St, Fairview, AZ 27027",70379.22,590,0.56,1.0,47936.95,0,repaid
260,Emma Nguyen,"5379 Harbor Way, Salem, WA 12348",146697.51,910,0.87,12.1,3980.3,0,repaid
154,Fatima Garcia,"6968 Elm Way, Springfield, WA 37011",184672.09,688,0.31,7.4,75055.42,0,repaid
445,Liam Andersson,"4518 Sunset Blvd, Riverside, CA 84536",198097.77,355,0.84,4.3,31599.09,0,defaulted
398,Noah Tanaka,"1522 Willow Ave, Madison, MA 49666",57475.78,698,0.7,3.5,68767.74,0,repaid
122,  SAMUEL ANDERSSON,"7757 Harbor Ln, Riverside, AZ 21300",,820,0.71,29.6,40027.73,0,repaid
387,James Novak,"4246 Maple Dr, Greenville, MA 81237",166032.35,616,0.26,28.8,71984.81,0,repaid
439,James Patel,"1560 Meadow Ct, Arlington, IL 64555",$178210.46,402 ,0.34,19.0,70490.53,0,repaid
324,fatima chen,"1206 Pine Ct, Georgetown, WA 51383",171494.66,549,0.41,28.8,47359.29,0,repaid
52,Grace Novak,"9866 Harbor Ln, Georgetown, OR 59856",$50345.40,354,0.85,24.3,20607.09,0,repaid
386,Alex Patel,"2469 Cedar Way, Springfield, GA 50378",95735.73,463,0.69,11.4,45673.83,1,repaid
95,Alex Müller,"1784 Cedar Blvd, Georgetown, TX 88957",35275.88,472,0.48,200.0,62322.03,0,repaid
431,Ava Kim,,100782.55,746,0.73,21.8,18841.9,0,repaid
369,Hana Johnson,"4813 Maple Blvd, Fairview, IL 68990",157071.85,504,0.66,4.7,59426.95,0,defaulted
380,Omar Novak,"8127 Meadow Blvd, Greenville, WA 66040",64510.84,722,0.18,20.1,14989.18,0,repaid
358,Samuel Andersson,"7615 Meadow Ct, Franklin, NY 31864",134005.53,554,0.5,28.4,59942.56,0,repaid
34,Grace Müller,"2981 Harbor Ct, Salem, MA 16582",68796.89,910,0.0,19.7,61833.65,0,repaid
251,Aisha Chen,"7043 Pine Way, Madison, MA 43029",114819.44,309,0.16,4.0,18677.83,0,repaid
176,Ava Novak,"3303 Willow St, Riverside, IL 10887",53441.48,364,0.27,8.3,29528.87,0,repaid
80,Alex Johnson,"8950 Highland Way, Riverside, NY 96646",182610.6,521,0.7,7.0,48082.55,0,repaid
207,Grace Tanaka,"6690 Oak Ct, Salem, OR 90746",27965.37,520,0.71,1.8,50657.08,0,repaid
480,fatima brown,"4746 Willow Ln, Clinton, MA 39605",47182.47,832,,22.9,4208.08,0,repaid
443,Fatima Smith,"3955 Meadow Dr, Arlington, AZ 52725",28663.5,764,0.83,22.2,63053.87,0,repaid
460,Emma Kowalski,"8945 Cedar Ln, Clinton, NY 13266",72081.44,751,0.51,5.5,26038.56,0,repaid
126,Hana Novak,"5631 Ridge Ln, Springfield, CA 20646",142885.66,610,0.58,2.8,46871.07,0,defaulted
471,Diego Okafor,"4547 Birch Ct, Madison, NY 80047",122773.3,378,0.16,23.0,60457.65,0,repaid
382,Maria Lopez,"6447 Lakeview Way, Springfield, WA 48165",$111380.08,762,0.79,26.3,43491.66,0,repaid
325,Diego Smith,"9185 Cedar Dr, Madison, CO 38647",211089.14,722,0.01,15.5,20612.35,0,repaid
492,  HANA OKAFOR,"6052 Pine Ave, Greenville, NY 80232",40011.34,800,0.3,20.3,61427.41,0,repaid
193,Sofia Rossi,"9732 Meadow Blvd, Arlington, GA 31755",109946.47,333,0.74,10.5,79522.66,0,repaid
257,Hana Smith,"7836 Sunset Ln, Fairview, GA 79446",72111.85,680,0.77,8.8,69445.08,0,repaid
346,Ava Patel,"3248 Ridge Blvd, Franklin, CA 25985",86049.73,332 ,0.86,25.3,62276.58,0,defaulted
104,Hana Patel,"7270 Maple Dr, Madison, WA 68222",195278.55,644,0.54,18.5,15286.83,0,repaid
200,Grace Smith,"1659 Maple Ave, Greenville, NY 27393",,680,0.05,19.5,58353.08,0,repaid
100,Maria Silva,"1179 River St, Salem, GA 47243",141961.08,835,0.83,10.9,62182.72,0,repaid
271,Ava Martin,"1950 Pine Dr, Springfield, NY 44290",175832.86,688,0.78,18.3,58455.01,1,repaid
54,Aisha Okafor,"7538 Oak Ct, Georgetown, IL 91927",130398.45,477,0.37,4.7,38123.09,0,defaulted
219,Aisha Kowalski,"4441 Ridge St, Fairview, TX 99922",52875.0,408 ,0.37,14.0,77206.14,0,repaid
400,Alex Rossi,"698 Willow Dr, Salem, NY 10538",82071.74,836,0.69,9.8,78599.6,0,repaid
264,Nina Chen,"7872 Meadow Ave, Georgetown, CA 49467",152393.98,349,0.02,19.6,33925.27,0,repaid
248,Omar Garcia,"6004 Meadow Ave, Clinton, CO 70846",195866.52,836,0.17,0.9,67121.16,0,repaid
420,Samuel Johnson,"7417 River Way, Riverside, IL 40958",70410.19,584,0.25,18.5,59572.9,0,repaid
198,Maria Garcia,"1731 Birch Way, Greenville, CA 26284",84573.03,574,0.49,8.5,68341.38,0,repaid
62,Liam Novak,"8427 Meadow Ave, Fairview, IL 64387",161082.33,821,0.43,12.5,37086.13,0,repaid
350,Alex Lopez,"1859 Cedar Dr, Georgetown, CO 83184",38280.31,811,,18.6,50385.45,2,defaulted
341,Emma Okafor,"7787 Lakeview St, Greenville, MA 49270",93156.66,615,0.27,7.8,65415.0,0,repaid
103,Aisha Kim,"8417 Harbor Ln, Salem, CA 96760",210233.86,484,0.69,10.3,-79998.15,0,repaid
372,Diego Martin,"9882 Lakeview St, Riverside, WA 75621",193482.09,599,0.21,19.5,78152.34,0,repaid
436,Maria Okafor,"1694 Willow Ln, Riverside, AZ 18383",114243.93,319,0.04,27.5,11312.48,0,repaid
392,Aisha Tanaka,"5285 Highland Ln, Arlington, AZ 56380",41860.45,359,0.57,21.9,39209.38,2,repaid
244,Grace Chen,"6375 Birch Dr, Arlington, AZ 72003",204985.63,,,16.9,43315.05,0,repaid
141,Lucas Müller,"3914 Maple St, Franklin, CO 71918",206604.79,,0.12,20.9,47359.61,0,repaid
409,Fatima Kowalski,"2986 Highland Dr, Fairview, AZ 24253",167873.41,379,0.75,21.4,48089.96,0,repaid
191,Nina Okafor,"2855 Harbor Dr, Arlington, MA 82053",117739.9,754,0.03,2.5,24075.1,0,repaid
29,Liam Chen,"827 Meadow Dr, Springfield, OR 80575",89137.42,,0.39,23.6,10136.02,2,repaid
274,  KENJI BROWN,"3950 Oak Dr, Greenville, AZ 68733",34973.05,,0.22,14.7,4977.71,2,repaid
336,Omar Andersson,"9716 Lakeview Dr, Franklin, TX 34102",65643.59,651,0.26,9.5,51926.9,0,repaid
25,Liam Müller,"1784 River Way, Salem, GA 91351",45489.1,740,0.81,9.2,68995.5,0,repaid
290,James Kim,"5768 Willow Ave, Arlington, AZ 41958",63689.06,600,0.48,22.6,66071.38,2,repaid
265,Fatima Ivanov,"2028 Highland St, Fairview, MA 36037",152332.92,730 ,0.24,19.9,11835.92,0,repaid
167,Sofia Müller,"5014 Birch Way, Fairview, CA 22255",70483.64,839,0.72,10.6,76784.53,0,repaid
81,Alex Tanaka,"8719 Oak Ct, Fairview, MA 68756",46360.65,326,0.71,10.7,2246.71,0,repaid
342,Nina Tanaka,"6567 Sunset Ave, Franklin, GA 38913",173173.84,309,0.54,23.9,44308.76,0,repaid
281,Aisha Kowalski,"2285 Cedar Dr, Arlington, OR 49179",103732.95,910,0.62,18.3,32431.73,0,repaid
451,Aisha Tanaka,"4520 Meadow Ln, Salem, AZ 37151",160780.41,775,,0.0,55569.3,0,repaid
138,Nina Andersson,"4431 Elm Dr, Georgetown, WA 46569",219624.57,632,0.34,14.4,37313.42,1,repaid
444,  GRACE ROSSI,"6252 Sunset St, Greenville, AZ 73492",59750.28,729,0.29,20.3,26764.45,0,repaid
246,Sofia Johnson,"5023 Meadow Dr, Madison, IL 64627",183477.19,645,0.25,9.1,55998.44,0,repaid
236,Grace Patel,"977 Oak Blvd, Georgetown, WA 63645",138806.11,646,0.43,18.4,75452.94,0,repaid
42,Priya Novak,"1976 Harbor Way, Riverside, IL 24168",45244.19,544,0.51,20.1,56257.73,0,repaid
413,Alex Rossi,"9200 Pine Way, Madison, GA 30220",,703,0.37,21.4,17686.07,0,repaid
79,Alex Haddad,"3462 Oak Way, Salem, WA 86858",38334.68,765,0.58,6.4,4995.7,2,repaid
397,Noah Nguyen,"5656 Pine Ct, Salem, TX 84839",61652.49,319,0.72,20.6,28934.05,1,repaid
55,Priya Okafor,"9849 Meadow Way, Arlington, IL 67560",,502,0.58,16.3,66303.86,1,defaulted
192,Maria Kowalski,"9051 Sunset Dr, Fairview, WA 49021",42642.2,,0.7,3.4,29982.08,0,repaid
484,James Kim,"965 Ridge St, Greenville, CA 33474",49474.82,585,0.11,13.6,19234.92,0,repaid
63,  AVA JOHNSON,"7416 Lakeview Dr, Madison, CO 82340",,648,0.74,15.2,24585.91,0,repaid
296,Alex Brown,"9041 Highland Ct, Riverside, IL 98773",173054.85,588,0.36,13.1,38445.03,0,repaid
14,Grace Rossi,"1645 Oak Ct, Franklin, CO 65519",62847.36,797,0.84,4.0,38341.01,0,repaid
169,Noah Lopez,"9332 Birch St, Riverside, CO 12052",,516,0.51,20.8,74008.58,0,repaid
384,James Patel,"7533 Elm Ct, Georgetown, MA 21820",,415,0.8,17.6,32052.27,0,repaid
340,Nina Okafor,,138166.19,481,0.67,13.7,35363.21,1,repaid
127,James Martin,"9038 Highland Ct, Clinton, MA 42096",209709.37,346,,23.1,46198.84,0,repaid
40,Omar Silva,"5629 Harbor Dr, Clinton, GA 43065",36789.49,327,0.78,12.9,21552.35,0,repaid
214,Aisha Haddad,"5079 Meadow Ln, Georgetown, MA 58270",193206.45,776,0.28,23.2,37082.95,0,repaid
295,Wei Andersson,"8338 Oak Blvd, Clinton, AZ 21338",126966.87,421,0.56,19.2,-47263.03,0,repaid
447,Noah Nguyen,"7114 Meadow Way, Georgetown, WA 52899",37294.87,535,0.44,25.7,47734.89,2,repaid
371,James Smith,"6467 Birch Blvd, Madison, NY 12500",28696.4,839,0.26,5.1,49819.22,0,repaid
393,Sofia Okafor,"3271 Maple St, Springfield, MA 91980",$142858.00,432,0.66,14.9,64830.45,0,repaid
289,Kenji Smith,"5824 Sunset Ave, Madison, CO 57290",125079.01,625,0.47,28.7,13590.27,0,repaid
140,Wei Andersson,"7347 Birch Blvd, Greenville, WA 36485",$199152.09,688,0.31,11.8,12571.61,0,repaid
261,Samuel Okafor,"2836 Oak Way, Springfield, IL 48119",145337.39,304,0.62,7.5,11185.53,0,repaid
356,Maria Andersson,"9242 Meadow Dr, Madison, CA 90862",22617.22,372,0.59,200.0,66734.14,1,repaid
435,Samuel Müller,"1280 Maple Ct, Riverside, MA 95699",181420.74,516,0.41,20.0,70066.18,0,repaid
146,Diego Müller,"211 Highland Dr, Georgetown, MA 44995",185397.97,715,0.08,15.5,15597.71,0,repaid
463,Noah Rossi,,109194.54,525,0.05,2.8,47091.08,0,repaid
48,Nina Silva,"5864 Meadow Dr, Clinton, IL 42951",100880.23,526,0.6,7.3,44724.36,0,repaid
179,Liam Kowalski,"4873 Ridge Ct, Fairview, GA 98208",$138445.41,504,0.61,16.4,76287.36,0,repaid
64,Grace Garcia,"5313 Meadow Dr, Franklin, GA 96991",111068.92,686,0.17,9.7,46172.01,0,repaid
76,Maria Garcia,"5086 Willow St, Fairview, WA 80457",149530.48,526,0.42,19.1,52289.92,0,repaid
58,Emma Tanaka,"5560 River Ct, Fairview, TX 53228",203214.56,,0.53,5.4,39846.34,0,repaid
354,Fatima Kim,,124813.95,494,0.5,14.9,26485.4,0,repaid
402,Noah Kim,"349 Elm Ln, Salem, NY 37076",58509.13,505,,8.3,10294.42,0,repaid
249,Ava Haddad,"9133 River Blvd, Riverside, IL 21847",99388.46,817,0.61,27.7,39614.15,0,repaid
288,Hana Okafor,"8137 Harbor Ln, Salem, CO 19552",86112.56,305,0.14,21.3,26487.77,0,repaid
183,Aisha Tanaka,"1506 Oak Way, Riverside, CO 50880",112612.64,700,0.62,20.4,79818.52,0,repaid
227,  SOFIA HADDAD,"6463 River Way, Riverside, TX 41005",$69571.41,402,0.48,7.2,59227.75,0,repaid
21,Emma Okafor,"2684 Willow Way, Salem, IL 90173",34652.14,402,0.24,6.4,70588.27,1,repaid
430,Alex Silva,"6511 Elm St, Salem, MA 72670",23752.96,756,0.59,14.9,3989.01,0,repaid
421,Alex Martin,"6865 Harbor Dr, Georgetown, MA 93568",56161.84,796,,15.8,77420.31,2,repaid
330,Grace Rossi,"6966 Meadow Way, Madison, CO 62506",57430.49,565,0.24,7.9,28104.62,1,repaid
394,Liam Nguyen,"3396 Meadow Blvd, Clinton, NY 50340",167493.68,420,0.55,6.2,4593.88,0,repaid
84,Nina Rossi,"7146 Willow Ave, Franklin, CO 69441",218925.55,690,0.41,15.9,8835.1,0,repaid
442,Maria Garcia,"6066 Highland Ave, Franklin, IL 53816",$42535.82,,0.76,4.5,40303.67,1,defaulted
399,Lucas Nguyen,"8007 Lakeview Ave, Georgetown, CO 73369",125020.08,521,0.34,5.3,16965.77,0,defaulted
19,Samuel Müller,"9585 Elm St, Arlington, NY 64948",190268.51,382,0.06,2.1,32898.27,1,repaid
485,Lucas Martin,"7735 Sunset Blvd, Greenville, MA 76164",140916.78,691,0.27,9.8,61053.54,0,repaid
470,  EMMA TANAKA,,136330.9,466,0.41,4.4,29233.45,0,defaulted
323,Nina Haddad,"4198 Meadow Dr, Franklin, AZ 73390",41292.99,818,0.26,200.0,64432.44,1,repaid
455,Wei Rossi,"7601 Oak St, Franklin, TX 47797",199890.24,845,0.33,13.6,55764.62,0,repaid
419,Hana Nguyen,"4799 Willow St, Riverside, OR 20074",32283.55,566,0.15,14.2,79238.82,0,repaid
28,James Kim,,213377.82,371,0.58,8.4,78510.83,0,repaid
226,Noah Garcia,"7828 Lakeview Blvd, Arlington, WA 30922",84320.88,,0.02,8.1,3314.97,0,repaid
285,Maria Brown,"6449 Pine Way, Madison, OR 17051",168482.55,529,0.21,16.8,64106.92,0,repaid
78,Emma Lopez,"5976 Maple Dr, Clinton, WA 26011",158056.13,333,0.4,6.5,29652.2,0,repaid
252,Emma Lopez,"9828 Elm Blvd, Clinton, NY 73142",113339.6,,0.74,20.3,9082.66,0,repaid
162,Noah Lopez,"9668 Elm Ct, Franklin, IL 29976",202866.1,627,0.37,11.1,18480.65,0,repaid
85,Ava Smith,"1594 Ridge St, Fairview, GA 22656",103197.93,708,0.38,2.9,30569.78,0,repaid
224,Nina Martin,"1099 Oak Blvd, Franklin, TX 64949",109202.29,586,0.55,4.5,52134.99,0,repaid
343,Noah Okafor,"8815 Harbor Blvd, Franklin, WA 18973",35841.95,569,0.46,18.8,49444.08,0,repaid
265,Fatima Ivanov,"2028 Highland St, Fairview, MA 36037",152332.92,730 ,0.24,19.9,11835.92,0,repaid
136,Priya Ivanov,"6329 Cedar Way, Georgetown, CA 85047",213414.14,571,0.7,23.5,57990.61,0,repaid
472,Priya Kim,"3669 Cedar Ln, Georgetown, WA 83224",184662.96,660,0.47,0.4,39307.02,0,repaid
411,Grace Andersson,"1562 Elm St, Arlington, OR 62978",59133.32,757,0.28,20.4,73143.14,0,repaid
423,Omar Brown,"5272 Lakeview Ct, Springfield, NY 79637",156701.99,688,0.24,11.7,35344.01,0,repaid
427,Noah Okafor,"7750 Birch St, Greenville, IL 65965",,684,0.51,27.0,71784.13,1,repaid
185,Nina Tanaka,"7670 Sunset Way, Franklin, TX 34430",155427.87,411,0.89,4.9,14781.81,0,defaulted
144,Nina Ivanov,"8192 Cedar Way, Salem, MA 45761",195348.63,596,0.51,0.3,78656.52,0,defaulted
256,Diego Smith,"3741 River Ave, Clinton, GA 53426",114156.17,399,0.65,22.2,73097.36,0,repaid
66,Diego Lopez,"6326 River Ct, Greenville, OR 14705",34965.65,458,0.24,23.4,32401.18,0,repaid
23,Wei Tanaka,"4633 Maple St, Madison, TX 93507",60719.46,651,0.24,19.0,72521.58,0,repaid
161,Aisha Chen,"5992 Lakeview Dr, Greenville, NY 71537",,509,0.29,7.2,-37833.79,0,repaid
60,Liam Chen,"9098 Cedar Blvd, Greenville, MA 25915",102649.51,773,0.33,5.6,50407.29,0,repaid
357,Fatima Müller,"8810 Pine Ave, Georgetown, OR 96098",125804.17,572,0.75,22.0,18056.1,0,repaid
73,Emma Ivanov,"8321 Highland Way, Riverside, IL 73156",38026.68,434,0.67,8.9,11440.62,0,repaid
222,James Smith,"3339 Birch Dr, Riverside, NY 53456",$94447.95,710,0.58,18.9,21446.83,0,repaid
272,Diego Ivanov,"8670 Meadow Ct, Arlington, NY 66734",22472.04,621,0.47,26.0,58178.11,0,repaid
163,Noah Martin,"8137 Willow Ave, Madison, TX 28344",85973.06,,0.75,11.4,52714.03,0,repaid
454,Ava Ivanov,"8729 Ridge St, Greenville, OR 98907",90542.33,628,0.61,8.0,6006.17,0,repaid
362,Aisha Smith,"9446 Pine Ln, Georgetown, NY 52558",112073.96,338,0.24,4.7,20738.7,1,defaulted
240,Lucas Tanaka,"8873 Birch Way, Greenville, AZ 40886",181636.03,652,0.68,12.4,5817.72,0,repaid
174,Hana Novak,"5415 Ridge Dr, Springfield, IL 64238",106195.9,491,0.46,16.7,8079.89,0,repaid
253,Aisha Rossi,"2556 Lakeview Way, Georgetown, CA 88647",87256.73,365,0.29,8.3,52833.45,0,repaid
258,Omar Johnson,"5283 Ridge Ct, Riverside, NY 73908",102621.45,605,0.14,26.1,28070.92,2,repaid
462,Maria Johnson,"9126 Oak Blvd, Springfield, GA 90939",179915.23,450 ,0.83,21.9,9872.93,0,repaid
456,james okafor,"6924 Birch Ln, Riverside, MA 55442",41872.98,378,0.63,8.3,70124.46,0,repaid
92,Sofia Ivanov,"9254 Ridge Ct, Madison, NY 62044",77889.43,561,0.45,3.6,11205.67,0,repaid
298,Fatima Patel,"9394 Ridge St, Salem, MA 94498",201125.61,722,0.13,25.5,49733.91,0,repaid
22,Fatima Kim,"9164 Cedar Blvd, Clinton, AZ 37607",21564.62,841,0.27,24.5,75175.47,0,repaid
287,Grace Chen,"9219 Highland Ave, Riverside, AZ 43425",55485.18,759,0.17,20.5,41593.9,0,repaid
68,Priya Patel,"1393 Elm Way, Franklin, AZ 99539",78673.56,357,0.13,11.2,45708.32,0,repaid
415,Grace Novak,"221 Elm Dr, Georgetown, OR 45291",144649.7,735,0.38,13.6,31392.46,0,repaid
375,Grace Okafor,"5495 Willow Ln, Riverside, WA 95520",124143.57,691,0.79,20.3,33969.33,0,repaid
203,Wei Kim,"2393 Harbor St, Arlington, GA 56076",164486.41,659,0.14,18.8,55238.73,0,repaid
155,kenji kowalski,"3939 Lakeview Ave, Springfield, TX 76046",40179.34,368,0.54,1.0,4845.43,0,repaid
429,Omar Chen,"1792 Maple St, Fairview, AZ 42846",55688.43,702,0.13,14.8,18252.53,0,repaid
318,Kenji Nguyen,"1592 Ridge Ave, Greenville, AZ 67065",121668.71,519,0.72,23.6,55080.59,0,defaulted
259,Priya Haddad,"2695 Willow Way, Fairview, TX 90541",146206.55,640,0.57,5.3,22608.7,0,repaid
130,Omar Martin,,182695.57,463,0.65,28.0,13588.05,0,repaid
3,Maria Kowalski,"8885 Oak Dr, Fairview, OR 48427",211442.61,520,0.08,10.1,67952.05,0,repaid
24,Alex Lopez,"690 Ridge Blvd, Arlington, OR 29410",52316.4,568,0.64,13.3,9838.04,0,repaid
364,James Brown,"986 Highland Ln, Springfield, CO 80769",103304.34,744,0.78,26.0,52569.56,0,repaid
307,Lucas Brown,"5881 Ridge Way, Madison, MA 73191",93059.36,687,0.75,19.6,30729.97,0,repaid
344,Diego Nguyen,,47324.81,486,0.41,3.3,56337.34,0,repaid
311,Samuel Patel,"8469 Highland Ave, Madison, MA 88188",141305.18,759,,14.1,33450.58,0,repaid
182,Lucas Lopez,"9611 Meadow Ln, Georgetown, MA 59036",213362.23,709,0.72,9.9,8789.92,0,repaid
242,Alex Novak,"4325 River Ct, Fairview, NY 60868",181692.14,516,0.38,3.8,35396.07,2,repaid
491,James Silva,,$151553.56,771,0.46,12.7,2611.78,0,repaid
171,Hana Novak,"6599 Harbor Blvd, Springfield, IL 69054",120158.57,380,0.05,29.2,67255.3,0,repaid
27,Sofia Müller,"487 Birch Ave, Franklin, CO 46517",96508.34,410,0.42,200.0,73557.7,0,defaulted
31,Kenji Lopez,"106 Highland Blvd, Georgetown, GA 86019",58368.02,430,0.34,19.9,14748.16,0,repaid
474,Fatima Müller,"2208 Ridge Ct, Riverside, WA 50295",197945.28,752,0.69,17.9,57081.7,0,repaid
49,Liam Martin,"4630 Meadow Ln, Salem, AZ 47093",44131.18,536,0.11,5.8,61212.98,0,repaid
38,Samuel Brown,"7914 Maple Blvd, Clinton, GA 64921",186578.23,511,0.69,11.7,2543.02,1,repaid
132,Nina Okafor,"1304 Pine Ln, Greenville, OR 46663",165501.61,570,0.33,22.9,46052.25,0,repaid
306,Noah Chen,"9580 Lakeview Ln, Riverside, GA 95678",203580.39,780,0.04,26.4,9154.78,0,repaid
499,Diego Novak,"4982 Ridge St, Franklin, CO 98037",148858.76,480,0.65,1.3,5370.85,0,repaid
217,Samuel Haddad,"1120 Pine Ct, Riverside, WA 48230",,,0.52,22.4,51340.04,0,repaid
363,Aisha Garcia,"9541 Pine St, Springfield, CO 55603",54580.5,794,0.62,24.8,72704.8,0,repaid
197,Emma Smith,,136391.11,635,0.76,26.1,77799.87,0,repaid
438,Emma Lopez,"2803 Willow Ave, Arlington, CA 27481",172845.58,518,0.3,17.8,12157.71,0,repaid
109,Hana Ivanov,"7034 Oak Way, Clinton, WA 49472",143069.65,759,0.02,27.2,12812.05,0,repaid
495,Samuel Martin,"3589 Birch Way, Greenville, IL 93614",$110645.72,827,0.16,22.9,56563.2,0,repaid
204,Hana Okafor,"539 Ridge Way, Clinton, WA 77862",82900.73,739,0.25,4.2,44718.33,0,repaid
355,Lucas Novak,"9771 Highland St, Madison, WA 89423",60415.81,332,0.09,14.6,67067.66,0,repaid
166,Priya Kim,"1678 Lakeview Ave, Georgetown, WA 91235",164438.54,842,0.26,16.1,56130.87,0,repaid
498,Maria Rossi,"2710 Highland Ave, Springfield, IL 46408",25540.83,496,0.28,23.9,79312.16,0,repaid
241,Samuel Novak,"2515 Oak Way, Greenville, TX 31910",79770.42,787,0.77,11.8,46126.37,0,repaid
6,Liam Haddad,"5255 Sunset Ct, Greenville, GA 94259",188570.38,632,0.21,23.3,25920.79,0,repaid
488,Kenji Chen,"8205 Elm Dr, Arlington, CO 47281",152015.72,802,0.51,20.6,68493.77,0,repaid
235,Wei Silva,"2887 Pine Ave, Fairview, OR 22203",52531.3,530,0.76,2.2,26178.64,0,repaid
475,  AVA TANAKA,"796 Sunset St, Springfield, OR 87748",61968.2,428,0.38,29.4,9826.05,0,defaulted
351,  MARIA MARTIN,"7268 Lakeview Blvd, Salem, MA 34874",181105.08,655,0.17,13.2,29295.23,0,repaid
299,Alex Müller,"1739 Highland Ln, Fairview, WA 51652",78130.53,374,0.09,2.0,39488.04,0,repaid
190,Kenji Lopez,"8381 Birch Dr, Franklin, MA 64477",188397.04,622,0.78,18.6,39284.1,1,repaid
128,Hana Johnson,"5221 Ridge Ct, Madison, CO 62260",79486.77,715,0.05,2.2,39255.84,0,repaid
231,Nina Novak,"5946 Sunset Ct, Arlington, TX 59595",215172.13,439,0.39,22.0,39488.8,0,repaid
459,Alex Patel,"3997 Oak St, Madison, AZ 26577",111185.31,591,0.83,5.0,23534.48,0,repaid
121,nina lopez,"4857 Highland Way, Riverside, TX 57381",,755,0.87,24.3,53759.34,2,repaid
469,noah martin,"2059 River Ln, Arlington, CA 44018",118610.05,583 ,0.54,29.1,38958.39,0,repaid
149,Lucas Rossi,"9483 Lakeview Ave, Riverside, CO 78202",125101.33,383,0.33,15.8,9864.49,1,repaid
15,Diego Kim,"4173 Sunset Ave, Salem, MA 28373",113404.93,720,0.61,200.0,8775.01,2,repaid
75,Emma Kim,"3930 Willow St, Arlington, OR 52992",44717.75,849,,11.1,31101.01,0,repaid
366,Lucas Tanaka,"2236 Harbor Ave, Greenville, OR 35966",46437.81,451,0.51,2.5,32536.11,0,defaulted
210,Noah Kim,"580 River Way, Franklin, IL 78662",124601.07,,0.65,23.5,11027.52,0,repaid
93,Grace Okafor,"1987 Pine St, Madison, TX 91018",107243.92,343,0.07,13.8,34913.46,0,repaid
215,Grace Nguyen,"3917 Lakeview Blvd, Springfield, CO 10191",219557.42,805,0.66,23.3,63881.91,0,repaid
97,Lucas Smith,"5185 Willow Dr, Springfield, CA 58331",50191.48,623,0.4,2.0,22699.22,0,defaulted
347,Fatima Ivanov,"3515 Willow Dr, Clinton, CO 30789",96959.58,554,0.22,29.2,16735.21,2,repaid
373,Priya Nguyen,"5781 Birch Blvd, Madison, IL 40959",132137.51,768,0.04,21.4,25089.27,1,repaid
490,Aisha Kim,"5631 Cedar St, Salem, CO 14899",152248.0,357,0.58,7.4,72920.73,0,defaulted
422,priya kowalski,"6633 Willow Blvd, Greenville, OR 40626",62171.35,471 ,0.31,22.0,60683.23,0,repaid
111,Emma Smith,"8718 Lakeview Ln, Salem, OR 12665",105847.78,598,0.22,18.4,53485.33,0,repaid
457,Lucas Silva,"6845 Elm Blvd, Madison, MA 87772",108772.01,730,0.26,19.3,69871.7,0,repaid
106,Ava Andersson,"9185 Oak Ct, Salem, NY 47363",103732.17,840,0.18,4.9,69967.15,0,repaid
221,Alex Kim,"295 Maple Way, Georgetown, TX 35969",210419.32,331,0.5,25.6,8483.3,0,defaulted
391,Noah Silva,"8735 Pine Ln, Georgetown, WA 90223",184052.95,688,0.76,200.0,38194.53,0,repaid
196,Wei Brown,"8547 Meadow Blvd, Madison, MA 73968",135485.11,445,0.37,8.1,51056.59,0,repaid
441,emma lopez,"8415 Sunset Dr, Georgetown, IL 16955",89570.71,608,0.21,0.1,42885.72,0,defaulted
383,Maria Ivanov,"2430 Willow Way, Greenville, NY 75622",99607.98,750,0.74,9.1,34374.51,0,repaid
148,Emma Tanaka,"9098 Willow Way, Salem, WA 42435",93508.78,602,0.86,6.6,36943.32,0,repaid
137,Hana Martin,"1120 Meadow Ave, Salem, WA 83516",58156.87,412,0.38,13.2,17107.44,0,repaid
401,Lucas Okafor,"468 Elm Way, Clinton, WA 52058",206467.47,618,0.53,20.6,37883.2,0,repaid
417,Wei Lopez,"9596 Highland Ln, Springfield, CO 80127",35646.92,910,0.08,26.7,59593.2,0,repaid
98,Nina Garcia,"7468 Harbor Ln, Georgetown, CO 89299",35346.2,593,0.77,25.9,41058.36,0,repaid
105,Liam Andersson,"9445 Willow Dr, Clinton, GA 75916",170478.23,591,0.21,23.5,77282.13,0,repaid
366,Lucas Tanaka,"2236 Harbor Ave, Greenville, OR 35966",46437.81,451,0.51,2.5,32536.11,0,defaulted
478,Fatima Rossi,"8360 Ridge Ct, Greenville, CO 87251",63399.62,841,0.25,5.7,43432.99,1,repaid
450,Omar Kowalski,"2371 Ridge Ct, Franklin, TX 58551",$23186.03,392,0.15,20.1,46060.08,0,repaid
254,Grace Brown,"6461 Meadow St, Arlington, AZ 34892",152106.06,713,0.65,20.4,79800.06,0,repaid
345,Diego Tanaka,"5204 Harbor Way, Greenville, CO 70776",73839.03,588,0.65,21.5,12904.01,0,repaid
493,Wei Haddad,"1652 Elm Blvd, Clinton, NY 84242",77471.11,519,0.9,1.4,18844.99,0,repaid
233,Wei Silva,"7417 Maple Blvd, Georgetown, WA 18885",207337.56,406,0.67,200.0,78607.99,0,defaulted
396,Grace Garcia,"8637 Highland Ln, Madison, OR 80239",,336,0.56,14.4,43420.44,1,repaid
223,James Brown,"7090 Cedar Blvd, Georgetown, TX 46042",28539.26,425,0.15,13.8,65913.15,0,repaid
270,Priya Kim,"6916 Elm Dr, Arlington, MA 33758",179979.82,789,0.72,19.5,55997.42,0,repaid
368,Emma Novak,"7345 Elm Ave, Greenville, CA 40603",104708.12,723,0.29,10.4,2912.34,0,repaid
8,Hana Kowalski,"8769 Highland Ln, Springfield, NY 99353",192220.58,348,0.14,4.6,48116.31,0,repaid
61,Wei Müller,"1958 Willow St, Riverside, MA 48254",214629.36,329,0.22,18.3,44516.28,0,repaid
291,Aisha Nguyen,"8568 Ridge Way, Madison, OR 76680",156510.27,340,0.82,9.6,31484.2,1,repaid
88,Diego Andersson,"200 Cedar Way, Riverside, AZ 96159",141798.98,326,0.62,19.7,22588.36,0,repaid
486,Fatima Brown,"7474 River Way, Franklin, MA 70248",128487.62,,0.49,24.3,61353.23,0,repaid
468,Aisha Tanaka,"3038 Willow Ct, Georgetown, CA 25644",$178243.91,327,0.27,4.6,51288.31,0,defaulted
77,Alex Tanaka,"1722 Ridge Dr, Arlington, GA 46666",97729.17,438,0.85,11.1,43675.21,0,repaid
497,Priya Chen,"9950 Sunset Dr, Georgetown, NY 29655",83730.64,,0.06,24.9,33582.63,0,repaid
308,Priya Patel,"6034 Elm Ct, Fairview, WA 64344",,306,0.15,4.2,51834.68,0,defaulted
220,Sofia Andersson,"6592 Lakeview St, Clinton, IL 32789",185277.34,611,0.04,20.9,26895.7,0,repaid
317,Kenji Johnson,"2051 Meadow Ave, Greenville, TX 23143",55743.92,794,0.44,16.8,46634.44,2,repaid
206,Priya Martin,"1295 Maple Ln, Fairview, CA 44365",217376.51,312,0.12,28.0,-45902.05,1,repaid
26,Priya Silva,"6845 Harbor Ct, Georgetown, IL 30866",205152.76,458,0.15,7.1,14987.14,0,repaid
87,Noah Haddad,"3805 Harbor Dr, Salem, AZ 90422",62547.76,819,0.2,19.7,67784.5,0,repaid
437,Kenji Silva,"2079 Birch Ln, Salem, TX 52151",42835.94,408,0.55,17.8,17008.65,0,repaid
360,Omar Brown,"103 Meadow St, Clinton, AZ 12136",132628.94,546,0.69,6.4,21073.04,1,repaid
135,Diego Kim,"6924 Elm Blvd, Springfield, AZ 72205",121463.0,644,0.44,15.3,38516.52,0,defaulted
489,Diego Brown,"1694 Pine Blvd, Madison, GA 56041",32284.79,628,0.12,17.7,64954.72,0,repaid
237,Maria Andersson,"162 Pine St, Clinton, AZ 72957",152119.58,571,0.09,8.9,44423.35,0,repaid
46,Priya Martin,"3575 River Way, Clinton, CO 46655",68772.69,761,0.55,13.9,3267.3,0,repaid
465,Grace Kowalski,"4828 Cedar Way, Franklin, GA 28293",81617.07,659,0.5,13.4,71136.59,0,repaid
118,Emma Andersson,"6372 Elm St, Arlington, TX 99006",210557.88,463,0.55,4.3,3749.12,0,defaulted
321,Kenji Brown,"9702 Sunset Ln, Springfield, NY 21818",91948.0,336,0.88,19.7,22799.01,0,repaid
314,Samuel Kim,"7071 Cedar Blvd, Greenville, WA 20986",207684.33,534,0.69,14.5,64565.06,0,repaid
332,Diego Martin,"5015 Highland Ln, Arlington, CA 62219",181133.67,784,0.45,5.3,68101.8,2,repaid
286,Emma Haddad,"9055 Meadow Ln, Georgetown, WA 48558",168733.99,313,0.78,6.1,36002.04,1,defaulted
473,Fatima Johnson,"384 Willow Blvd, Clinton, CO 28220",189213.95,838,0.63,21.4,33970.35,0,repaid
12,Emma Kowalski,"8579 Willow St, Georgetown, WA 18392",212872.58,733,0.68,27.9,57322.97,0,repaid
11,Alex Johnson,"7887 Lakeview Ave, Clinton, OR 89507",195601.92,546,,28.4,6467.79,0,repaid
115,Kenji Silva,"3160 Willow Ct, Greenville, CO 78062",193159.66,348,0.11,10.0,71269.43,0,repaid
293,Wei Johnson,"489 Willow Ct, Madison, CA 21471",187133.02,734,0.75,6.2,59568.63,1,repaid
453,Sofia Lopez,"1960 Birch Dr, Arlington, WA 39548",55053.48,675,0.06,16.8,17172.29,0,repaid
428,Noah Chen,"3015 Willow St, Greenville, WA 89993",71467.32,631,0.25,23.4,31698.64,0,repaid
194,Priya Silva,"4894 Highland Ln, Clinton, OR 99037",176969.86,442,0.72,24.4,43050.18,0,repaid
449,James Tanaka,"3671 Cedar Blvd, Clinton, WA 94887",98864.03,843,0.63,24.3,40127.52,0,repaid
202,  ALEX SMITH,"8791 Elm St, Arlington, TX 67684",93512.34,620,0.34,9.0,70085.29,0,repaid
94,Lucas Smith,"6584 Ridge Blvd, Madison, WA 53655",186405.18,771,0.08,27.6,20222.0,0,repaid
189,Nina Patel,"9191 Cedar Dr, Clinton, TX 34523",158687.31,682,,15.3,31313.09,0,repaid
213,Maria Patel,"3756 Harbor Ln, Springfield, GA 19034",69652.64,629,0.29,27.5,46151.34,0,repaid
44,Ava Kim,"7202 River Ct, Greenville, TX 67080",89440.75,342,0.33,12.9,27957.26,0,repaid
102,Lucas Smith,"7037 Lakeview Blvd, Springfield, CO 50483",81916.38,386,0.71,11.3,53939.2,0,repaid
145,Diego Okafor,"9402 Birch Way, Georgetown, TX 90079",181762.78,497,0.66,9.9,57769.26,0,defaulted
410,James Johnson,,85481.65,688 ,0.06,19.3,11974.42,0,repaid
168,Grace Silva,"9370 Ridge St, Salem, CA 40115",95852.8,910,0.05,16.6,14539.3,0,repaid
424,Fatima Chen,"9671 Pine Dr, Georgetown, AZ 35549",211236.73,662,0.83,13.0,27462.43,1,repaid
304,Lucas Johnson,"7410 Cedar Ave, Arlington, AZ 96430",120433.45,672,0.76,19.9,49508.84,0,repaid
394,Liam Nguyen,"3396 Meadow Blvd, Clinton, NY 50340",167493.68,420,0.55,6.2,4593.88,0,repaid
89,Omar Silva,"2678 River Blvd, Madison, AZ 88148",33917.08,710,0.87,22.2,42908.13,0,repaid
134,Diego Novak,"5318 Cedar Dr, Arlington, IL 87820",47407.27,339,0.43,10.0,48894.58,0,repaid
69,Omar Okafor,"9055 Cedar St, Greenville, CO 87014",119533.45,546,0.21,17.5,37306.07,0,repaid
377,Grace Tanaka,"5070 Willow Ct, Clinton, TX 34632",209720.31,845,0.29,3.6,58439.28,1,repaid
448,Maria Garcia,"7811 Meadow Way, Salem, CA 65797",135893.41,744,0.53,26.8,46322.36,0,defaulted
245,Diego Müller,"907 Meadow Dr, Clinton, CO 12651",54439.95,338,0.56,12.1,32735.87,0,repaid
232,Samuel Garcia,"3083 Elm Blvd, Arlington, WA 93839",166798.99,614,0.16,8.8,56458.67,0,repaid
164,Wei Garcia,"204 Pine Ave, Georgetown, NY 29795",56809.55,800,0.89,26.7,42391.61,1,repaid
481,Emma Patel,"309 Birch Dr, Fairview, GA 67417",78117.87,717,0.17,25.7,67443.6,0,repaid
406,Wei Martin,"1949 River Dr, Greenville, TX 46996",56670.61,701,0.3,200.0,26656.13,1,repaid
211,Samuel Patel,"6124 Cedar Blvd, Fairview, AZ 98358",72589.93,365,0.56,29.3,41351.77,0,defaulted
352,Priya Smith,"8802 Cedar Dr, Clinton, IL 80989",128724.11,491,0.42,9.7,48295.72,1,repaid
305,Emma Müller,"801 Birch Ave, Salem, CO 60868",167183.96,449,0.32,14.5,39523.73,0,repaid
434,James Garcia,"5658 Maple Blvd, Springfield, GA 25491",97753.51,800,0.58,23.8,77231.35,0,repaid
67,Fatima Kowalski,"2825 Meadow Blvd, Springfield, CA 52516",66954.05,370,0.26,20.5,8139.97,0,repaid
